,precision,recall,f1-score,support
0,0.7857142857142857,1.0,0.88,11.0
1,0.8888888888888888,0.8888888888888888,0.8888888888888888,9.0
2,1.0,0.7272727272727273,0.8421052631578947,11.0
3,0.8888888888888888,0.8888888888888888,0.8888888888888888,9.0
accuracy,0.875,0.875,0.875,0.875
macro avg,0.8908730158730158,0.8762626262626262,0.8749707602339181,40.0
weighted avg,0.8910714285714285,0.875,0.873578947368421,40.0
