,precision,recall,f1-score,support
0,0.9166666666666666,1.0,0.9565217391304348,11.0
1,0.8888888888888888,0.8888888888888888,0.8888888888888888,9.0
2,1.0,0.9090909090909091,0.9523809523809523,11.0
3,0.8888888888888888,0.8888888888888888,0.8888888888888888,9.0
accuracy,0.925,0.925,0.925,0.925
macro avg,0.923611111111111,0.9217171717171717,0.9216701173222912,40.0
weighted avg,0.9270833333333333,0.925,0.9249482401656314,40.0
