customer_segment,age,annual_income_k$,spending_score_1_100,gender
0,47.80357142857143,58.07142857142857,34.875,0.0
1,28.0,62.23913043478261,64.82608695652173,1.0
2,28.392857142857142,60.42857142857143,68.17857142857143,0.0
3,52.73809523809524,62.214285714285715,30.642857142857142,1.0
